[
    {
        "id": 1,
        "name": "Chamonix",
        "country": "France",
        "continent": "Europe",
        "vacationType": "Ski",
        "pricing": 15000,
        "imageUrl": "Chamonix.jpg",
        "description": "Chamonix is the world capital for outdoor activites: mountaineering, alpinism, hiking, climbing, mountain biking, paragliding, trail running, plus all of the other winter activities and summer activities! The Chamonix Mont Blanc valley and neighbouring mountains are a wonderful natural resource."

    },
    {
        "id": 2,
        "name": "Dolomites",
        "country": "Italy",
        "continent": "Europe",
        "vacationType": "Ski",
        "pricing": 13000,
        "imageUrl": "Dolomites.jpg",
        "description" : "The Dolomiti Superski ski association is the largest ski destination in the world. Dolomiti Superski connects 12 ski areas, 45 mountain villages and 12 valleys. You only need one ski pass for Dolomiti Superski. 1,200 km of slopes await you, 1,100 km of which are snow-sure."
    },
    {
        "id": 3,
        "name": "New York",
        "country": "America",
        "continent": "North America",
        "vacationType": "Cultural",
        "pricing": 30000,
        "imageUrl": "NewYork.jpg",
        "description": "New York is a city of diversity and dynamism. It is also a city of politics, economy and culture. It is even described as the economic and cultural capital of the world, and New York City is one of the most populous cities in the United States."
        
    },
    {
        "id": 4,
        "name": "San Fransisco",
        "country": "America",
        "continent": "North America",
        "vacationType": "Cultural",
        "pricing": 25000,
        "imageUrl": "SanFransisco.jpg",
        "description": "It may measure less than 50 square miles and have a population that doesn't even crack a million, but San Francisco justly ranks as one of the greatest cities in the world. Famous for grand-dame Victorians, cable cars, a dynamic waterfront, and a soaring golden bridge, this city truly has it all."
    },
    {
        "id": 5,
        "name": "San Diego",
        "country": "America",
        "continent": "North America",
        "vacationType": "Sun",
        "pricing": 25000,
        "imageUrl": "SanDiego.jpg",
        "description":"Named “America's Finest City,” the City of San Diego is best known for its ideal climate, beautiful beaches, and array of world-class family attractions. The City covers 342.5 square miles and stretches nearly 40 miles from north to south. There are 93 miles of shoreline including bays, lagoons and the Pacific Ocean."
    },
    {
        "id": 6,
        "name": "Kingston",
        "country": "Jamaica",
        "continent": "South America",
        "vacationType": "Sun",
        "pricing": 27500,
        "imageUrl": "Jamaica.jpg",
        "description":"Kingston, city, capital, and chief port of Jamaica, sprawling along the southeastern coast of the island, backed by the Blue Mountains. It is famous for its fine natural harbour, which is protected by the Palisadoes, a narrow peninsula that has been developed as a recreational and tourist resort."
    },
    {
        "id": 7,
        "name": "Cancún",
        "country": "Mexico",
        "continent": "South America",
        "vacationType": "Sun",
        "pricing": 30000,
        "imageUrl": "Mexico.jpg",
        "description": "Cancun is a paradise for nature lovers and adventure seekers since there are plenty of things to do. Dive or snorkel in the region's mystic cenotes located nearby (limestone sinkholes), or enjoy the day by the beach, jet skiing or parasailing."
    },
    {
        "id": 8,
        "name": "Havanna",
        "country": "Cuba",
        "continent": "South America",
        "vacationType": "Cultural",
        "pricing": 25000,
        "imageUrl": "Cuba.jpg",
        "description": "The city lies on the island's northern coast. The largest city in the Caribbean, it is Cuba's chief port, and it has one of the best harbours in the Western Hemisphere."
    },
    {
        "id": 9,
        "name": "Tokyo",
        "country": "Japan",
        "continent": "Asia",
        "vacationType": "Cultural",
        "pricing": 30000,
        "imageUrl": "Tokyo.jpg",
        "description": "Tokyo is the administrative, cultural, financial, commercial, and educational centre of Japan and the focus of an extensive urban complex that includes Kawasaki and Yokohama. Attractions include the Imperial Palace, encircled by stone-walled moats and broad gardens, and numerous temples and shrines."
    },
    {
        "id": 10,
        "name": "Crabi",
        "country": "Thailand",
        "continent": "Asia",
        "vacationType": "Sun",
        "pricing": 20000,
        "imageUrl": "Thailand.jpg",
        "description": "Situated along the Andaman coast of southern Thailand, Krabi is one of southern Thailand's most picturesque provinces with perfect beaches and stunning scenery. The province is famous for its great natural beauty, which is characterized by the limestone that can be seen throughout the area."
    },
    {
        "id": 11,
        "name": "Seoul",
        "country": "South Korea",
        "continent": "Asia",
        "vacationType": "Cultural",
        "pricing": 30000,
        "imageUrl": "Seoul.jpg",
        "description": "South Korea is an extraordinary country filled with beautiful beaches, thriving cities, ancient temples, remarkable natural scenery and most importantly, friendly people. South Korea has come a long way since The Korean War ended in 1953."
    },
    {
        "id": 12,
        "name": "Venice",
        "country": "Italy",
        "continent": "Europe",
        "vacationType": "Cultural",
        "pricing": 25000,
        "imageUrl": "Italy.jpg",
        "description": "Venice, known also as the “City of Canals,” “The Floating City,” and “Serenissima,” is arguably one of Italy's most picturesque cities. With its winding canals, striking architecture, and beautiful bridges, Venice is a popular destination for travel."
    },
    {
        "id": 13,
        "name": "Paris",
        "country": "France",
        "continent": "Europe",
        "vacationType": "Cultural",
        "pricing": 24500,
        "imageUrl": "France.jpg",
        "description": "Paris is one of the most beautiful cities in the world. It is known worldwide for the Louvre Museum, Notre-Dame cathedral, and the Eiffel tower. It has a reputation of being a romantic and cultural city. The city is also known for its high-quality gastronomy and the terraces of its cafés."
    },
    {
        "id": 14,
        "name": "Santorini",
        "country": "Greece",
        "continent": "Europe",
        "vacationType": "Sun",
        "pricing": 30000,
        "imageUrl": "Greece.jpg",
        "description": "Santorini is a fantastic Cycladic island in the southern Aegean Sea with astonishing volcanic scenery and world-famous sunset vistas. It comprises a luxury-oriented destination that is perfect for couples, with rich viticulture and history to dive into"
    }
  ]